mysql -u root -p -h 127.0.0.1

mysql> CREATE DATABASE dbdemo;
Query OK, 1 row affected (0.00 sec)

mysql> CREATE TABLE countries (name varchar(255), continent varchar(255));
Query OK, 0 rows affected (0.02 sec)

mysql> describe countries;
+-----------+--------------+------+-----+---------+-------+
| Field     | Type         | Null | Key | Default | Extra |
+-----------+--------------+------+-----+---------+-------+
| name      | varchar(255) | YES  |     | NULL    |       |
| continent | varchar(255) | YES  |     | NULL    |       |
+-----------+--------------+------+-----+---------+-------+
3 rows in set (0.00 sec)

mysql> DROP TABLE countries;
Query OK, 0 rows affected (0.02 sec)

mysql> CREATE TABLE countries (id int NOT NULL AUTO_INCREMENT, name varchar(255) NOT NULL, continent varchar(255) NOT NULL,
PRIMARY KEY (ID));
Query OK, 0 rows affected (0.02 sec)

mysql> describe countries;
+-----------+--------------+------+-----+---------+----------------+
| Field     | Type         | Null | Key | Default | Extra          |
+-----------+--------------+------+-----+---------+----------------+
| id        | int(11)      | NO   | PRI | NULL    | auto_increment |
| name      | varchar(255) | NO   |     | NULL    |                |
| continent | varchar(255) | NO   |     | NULL    |                |
+-----------+--------------+------+-----+---------+----------------+
3 rows in set (0.00 sec)

mysql> INSERT INTO countries (name, continent) VALUES ('The Netherlands', 'Europe');
Query OK, 1 row affected (0.00 sec)

mysql> SELECT * FROM countries;
+----+-----------------+-----------+
| id | name            | continent |
+----+-----------------+-----------+
|  1 | The Netherlands | Europe    |
+----+-----------------+-----------+
1 row in set (0.00 sec)

mysql> INSERT INTO countries (name, continent)
    -> VALUES ('Germany', 'Europe');
Query OK, 1 row affected (0.00 sec)

mysql> INSERT INTO countries (name, continent)
    -> VALUES ('India', 'Asia');
Query OK, 1 row affected (0.00 sec)

mysql> SELECT * FROM countries;
+----+-----------------+-----------+
| id | name            | continent |
+----+-----------------+-----------+
|  1 | The Netherlands | Europe    |
|  2 | Germany         | Europe    |
|  3 | India           | Asia      |
+----+-----------------+-----------+
3 rows in set (0.00 sec)

mysql> SELECT * FROM countries WHERE continent='Europe';
+----+-----------------+-----------+
| id | name            | continent |
+----+-----------------+-----------+
|  1 | The Netherlands | Europe    |
|  2 | Germany         | Europe    |
+----+-----------------+-----------+
2 rows in set (0.00 sec)


I:N   N:M relaties

Database = PHP
INSERT INTO categories (name) VALUES ('PHP');



create table category (id int NOT NULL AUTO_INCREMENT, Health varchar (255) NOT NULL, ICT varchar (255) NOT NULL, rest varchar (255) NOT NULL, PRIMARY KEY (ID));



